year,brand,registrations,total_registrations,market_share,rank
2005,ALFA ROMEO,917.0,406807.0,0.002254140169662764,28
2005,AUDI,4460.0,406807.0,0.010963429832819985,19
2005,BMW,5491.0,406807.0,0.013497801168613125,18
2005,CHEVROLET,7946.0,406807.0,0.01953260391291202,13
2005,CHRYSLER,453.0,406807.0,0.0011135501601496533,30
2005,CITROEN,8983.0,406807.0,0.022081724257448865,12
2005,DACIA,6842.0,406807.0,0.01681878630407048,15
2005,DAIHATSU,1731.0,406807.0,0.004255089022558609,26
2005,DODGE,31.0,406807.0,7.620321184247076e-05,37
2005,Diğer,14504.0,406807.0,0.03565327046978051,10
2005,FIAT,32721.0,406807.0,0.08043371918378986,5
2005,FORD,39302.0,406807.0,0.09661092360750921,2
2005,HONDA,16166.0,406807.0,0.039738745891786525,9
2005,HYUNDAI,39180.0,406807.0,0.09631102709638723,3
2005,ISUZU,10.0,406807.0,2.4581681239506694e-05,38
2005,JAGUAR,93.0,406807.0,0.00022860963552741225,35
2005,JEEP,723.0,406807.0,0.0017772555536163341,29
2005,KIA,10812.0,406807.0,0.026577713756154638,11
2005,LADA,2954.0,406807.0,0.007261428638150278,21
2005,LAND ROVER,1876.0,406807.0,0.004611523400531456,24
2005,MAZDA,1369.0,406807.0,0.0033652321616884666,27
2005,MERCEDES-BENZ,3962.0,406807.0,0.009739262107092552,20
2005,MINI,297.0,406807.0,0.0007300759328133489,31
2005,MITSUBISHI,2826.0,406807.0,0.006946783118284592,22
2005,NISSAN,6226.0,406807.0,0.015304554739716867,16
2005,OPEL,35434.0,406807.0,0.08710272930406802,4
2005,PEUGEOT,20965.0,406807.0,0.051535494718625785,8
2005,PORSCHE,281.0,406807.0,0.0006907452428301381,32
2005,RENAULT,67881.0,406807.0,0.16686291042189538,1
2005,ROVER,86.0,406807.0,0.00021140245865975757,36
2005,SAAB,143.0,406807.0,0.00035151804172494576,34
2005,SEAT,5630.0,406807.0,0.013839486537842269,17
2005,SKODA,7174.0,406807.0,0.0176348981212221,14
2005,SMART,175.0,406807.0,0.00043017942169136714,33
2005,SUZUKI,1821.0,406807.0,0.004476324153714169,25
2005,TOYOTA,26163.0,406807.0,0.06431305262692137,7
2005,VOLKSWAGEN,28894.0,406807.0,0.07102630977343065,6
2005,VOLVO,2285.0,406807.0,0.0056169141632272795,23
2006,ALFA ROMEO,793.0,396542.0,0.001999788168718572,29
2006,AUDI,5150.0,396542.0,0.012987274992308506,16
2006,BENTLEY,1.0,396542.0,2.5218009693802926e-06,38
2006,BMW,5357.0,396542.0,0.013509287792970228,15
2006,CHEVROLET,5053.0,396542.0,0.012742660298278618,18
2006,CHRYSLER,553.0,396542.0,0.0013945559360673018,30
2006,CITROEN,9086.0,396542.0,0.02291308360778934,12
2006,DACIA,7455.0,396542.0,0.01880002622673008,13
2006,DAIHATSU,1759.0,396542.0,0.004435847905139935,25
2006,DODGE,65.0,396542.0,0.00016391706300971902,35
2006,Diğer,26836.0,396542.0,0.06767505081428954,8
2006,FIAT,32439.0,396542.0,0.08180470164572731,4
2006,FORD,40111.0,396542.0,0.10115195868281292,2
2006,HONDA,17349.0,396542.0,0.0437507250177787,10
2006,HYUNDAI,33106.0,396542.0,0.08348674289230397,3
2006,IKCO,1.0,396542.0,2.5218009693802926e-06,38
2006,ISUZU,25.0,396542.0,6.304502423450732e-05,36
2006,JAGUAR,511.0,396542.0,0.0012886402953533294,31
2006,JEEP,846.0,396542.0,0.0021334436200957274,28
2006,KIA,11291.0,396542.0,0.028473654745272883,11
2006,LADA,1085.0,396542.0,0.0027361540517776175,27
2006,LAND ROVER,2713.0,396542.0,0.006841646029928734,21
2006,MAZDA,1293.0,396542.0,0.0032606886534087185,26
2006,MERCEDES-BENZ,4605.0,396542.0,0.011612893463996247,20
2006,MINI,291.0,396542.0,0.0007338440820896651,33
2006,MITSUBISHI,2333.0,396542.0,0.005883361661564223,23
2006,NISSAN,5628.0,396542.0,0.014192695855672286,14
2006,OPEL,28479.0,396542.0,0.07181836980698135,6
2006,PEUGEOT,18305.0,396542.0,0.046161566744506256,9
2006,PORSCHE,327.0,396542.0,0.0008246289169873557,32
2006,RENAULT,62536.0,396542.0,0.15770334542116599,1
2006,ROVER,5.0,396542.0,1.2609004846901462e-05,37
2006,SAAB,204.0,396542.0,0.0005144473977535797,34
2006,SEAT,5143.0,396542.0,0.012969622385522845,17
2006,SKODA,4929.0,396542.0,0.012429956978075462,19
2006,SUZUKI,2350.0,396542.0,0.005926232278043688,22
2006,TOYOTA,28587.0,396542.0,0.07209072431167443,5
2006,VOLKSWAGEN,28104.0,396542.0,0.07087269444346374,7
2006,VOLVO,1838.0,396542.0,0.0046350701817209775,24
2007,ALFA ROMEO,541.0,353495.0,0.0015304318307189635,29
2007,AUDI,7095.0,353495.0,0.020071005247598975,14
2007,BENTLEY,19.0,353495.0,5.374899220639613e-05,40
2007,BMW,7672.0,353495.0,0.021703277274077427,13
2007,CHERY,2.0,353495.0,5.657788653304856e-06,42
2007,CHEVROLET,4451.0,353495.0,0.012591408647929956,18
2007,CHRYSLER,456.0,353495.0,0.001289975812953507,31
2007,CITROEN,8024.0,353495.0,0.02269904807705908,11
2007,DACIA,3798.0,353495.0,0.010744140652625921,19
2007,DAIHATSU,1838.0,353495.0,0.005199507772387163,24
2007,DODGE,623.0,353495.0,0.0017624011655044626,28
2007,Diğer,26504.0,353495.0,0.07497701523359594,5
2007,FIAT,31869.0,353495.0,0.09015403329608622,2
2007,FORD,28702.0,353495.0,0.08119492496357798,3
2007,HONDA,20135.0,353495.0,0.056959787267146636,9
2007,HYUNDAI,25208.0,353495.0,0.0713107681862544,8
2007,IKCO,114.0,353495.0,0.0003224939532383768,35
2007,ISUZU,43.0,353495.0,0.0001216424560460544,38
2007,JAGUAR,479.0,353495.0,0.001355040382466513,30
2007,JEEP,925.0,353495.0,0.0026167272521534957,26
2007,KIA,7830.0,353495.0,0.022150242577688512,12
2007,LADA,329.0,353495.0,0.0009307062334686488,32
2007,LAMBORGHINI,5.0,353495.0,1.4144471633262139e-05,41
2007,LANCIA,57.0,353495.0,0.0001612469766191884,37
2007,LAND ROVER,2597.0,353495.0,0.007346638566316355,22
2007,MAZDA,322.0,353495.0,0.0009109039731820818,33
2007,MERCEDES-BENZ,4892.0,353495.0,0.013838951045983677,15
2007,MINI,809.0,353495.0,0.0022885755102618143,27
2007,MITSUBISHI,1365.0,353495.0,0.003861440755880564,25
2007,NISSAN,4621.0,353495.0,0.01307232068346087,17
2007,OPEL,25391.0,353495.0,0.0718284558480318,7
2007,PEUGEOT,12738.0,353495.0,0.036034455932898626,10
2007,PORSCHE,280.0,353495.0,0.0007920904114626799,34
2007,RENAULT,56323.0,353495.0,0.1593318151600447,1
2007,SAAB,103.0,353495.0,0.00029137611564520005,36
2007,SEAT,3273.0,353495.0,0.009258971131133397,20
2007,SKODA,4767.0,353495.0,0.013485339255152124,16
2007,SMART,40.0,353495.0,0.00011315577306609711,39
2007,SUZUKI,3205.0,353495.0,0.00906660631692103,21
2007,TOYOTA,27783.0,353495.0,0.07859517107738441,4
2007,VOLKSWAGEN,25802.0,353495.0,0.07299113141628595,6
2007,VOLVO,2465.0,353495.0,0.006973224515198235,23
2008,ALFA ROMEO,402.0,353168.0,0.0011382684727948172,32
2008,AUDI,6852.0,353168.0,0.019401531282562407,12
2008,BENTLEY,16.0,353168.0,4.530421782267929e-05,42
2008,BMW,6434.0,353168.0,0.01821795859194491,13
2008,CHERY,1666.0,353168.0,0.004717301680786481,25
2008,CHEVROLET,5593.0,353168.0,0.01583665564264033,15
2008,CHRYSLER,377.0,353168.0,0.0010674806324468809,33
2008,CITROEN,7269.0,353168.0,0.020582272459565985,11
2008,DACIA,4807.0,353168.0,0.01361108594210121,17
2008,DAIHATSU,1057.0,353168.0,0.0029929098899107508,26
2008,DODGE,454.0,353168.0,0.001285507180718525,31
2008,Diğer,37158.0,353168.0,0.10521338286594482,2
2008,FIAT,29403.0,353168.0,0.08325499479001496,3
2008,FORD,28155.0,353168.0,0.07972126579984597,5
2008,GEELY,160.0,353168.0,0.00045304217822679293,37
2008,HONDA,21241.0,353168.0,0.06014418067322068,9
2008,HYUNDAI,28254.0,353168.0,0.08000158564762379,4
2008,IKCO,672.0,353168.0,0.0019027771485525303,28
2008,ISUZU,33.0,353168.0,9.343994925927604e-05,41
2008,JAGUAR,286.0,353168.0,0.0008098128935803923,35
2008,JEEP,735.0,353168.0,0.00208116250622933,27
2008,KIA,6160.0,353168.0,0.017442123861731527,14
2008,LADA,373.0,353168.0,0.001056154577991211,34
2008,LAMBORGHINI,12.0,353168.0,3.397816336700947e-05,43
2008,LANCIA,119.0,353168.0,0.0003369501200561772,38
2008,LAND ROVER,2081.0,353168.0,0.0058923798305622254,23
2008,MAZDA,600.0,353168.0,0.0016989081683504734,30
2008,MERCEDES-BENZ,5053.0,353168.0,0.014307638291124903,16
2008,MINI,613.0,353168.0,0.0017357178453314003,29
2008,MITSUBISHI,1966.0,353168.0,0.005566755764961718,24
2008,NISSAN,4609.0,353168.0,0.013050446246545553,18
2008,OPEL,25724.0,353168.0,0.07283785620441263,6
2008,PEUGEOT,12448.0,353168.0,0.03524668146604449,10
2008,PORSCHE,224.0,353168.0,0.0006342590495175101,36
2008,RENAULT,52150.0,353168.0,0.14766343496579531,1
2008,SAAB,72.0,353168.0,0.00020386898020205682,39
2008,SEAT,3125.0,353168.0,0.008848480043492049,20
2008,SKODA,3864.0,353168.0,0.01094096860417705,19
2008,SMART,45.0,353168.0,0.00012741811262628551,40
2008,SUZUKI,3052.0,353168.0,0.008641779549676074,21
2008,TOYOTA,24884.0,353168.0,0.07045938476872197,7
2008,VOLKSWAGEN,22459.0,353168.0,0.06359296425497214,8
2008,VOLVO,2511.0,353168.0,0.007109930684546731,22
2009,ALFA ROMEO,247.0,357986.0,0.0006899711161889012,34
2009,AUDI,6142.0,357986.0,0.01715709552887543,14
2009,BENTLEY,6.0,357986.0,1.676043197220003e-05,44
2009,BMW,6207.0,357986.0,0.01733866687524093,13
2009,CHERY,1533.0,357986.0,0.0042822903688971075,24
2009,CHEVROLET,9269.0,357986.0,0.025892073991720346,11
2009,CHRYSLER,195.0,357986.0,0.000544714039096501,36
2009,CITROEN,5952.0,357986.0,0.016626348516422428,15
2009,DACIA,5269.0,357986.0,0.014718452676920327,16
2009,DAIHATSU,778.0,357986.0,0.002173269345728604,28
2009,DODGE,256.0,357986.0,0.0007151117641472013,33
2009,Diğer,32443.0,357986.0,0.09062644907901427,3
2009,FIAT,27036.0,357986.0,0.07552250646673334,5
2009,FORD,29969.0,357986.0,0.08371556429581045,4
2009,GEELY,890.0,357986.0,0.0024861307425430045,27
2009,HONDA,15344.0,357986.0,0.04286201136357288,9
2009,HYUNDAI,49276.0,357986.0,0.13764784097702146,2
2009,IKCO,138.0,357986.0,0.0003854899353606007,38
2009,INFINITI,21.0,357986.0,5.8661511902700106e-05,40
2009,ISUZU,17.0,357986.0,4.7487890587900086e-05,41
2009,JAGUAR,200.0,357986.0,0.000558681065740001,35
2009,JEEP,337.0,357986.0,0.0009413775957719017,30
2009,KIA,4699.0,357986.0,0.013126211639561323,18
2009,LADA,181.0,357986.0,0.0005056063644947009,37
2009,LAMBORGHINI,10.0,357986.0,2.793405328700005e-05,42
2009,LANCIA,285.0,357986.0,0.0007961205186795015,32
2009,LAND ROVER,1799.0,357986.0,0.005025336186331309,23
2009,MAZDA,2426.0,357986.0,0.006776801327426212,21
2009,MERCEDES-BENZ,9251.0,357986.0,0.025841792695803747,12
2009,MINI,560.0,357986.0,0.0015643069840720028,29
2009,MITSUBISHI,1285.0,357986.0,0.0035895258473795065,26
2009,NISSAN,5221.0,357986.0,0.014584369221142725,17
2009,OPEL,21077.0,357986.0,0.05887660411301,8
2009,PEUGEOT,11999.0,357986.0,0.03351807053907136,10
2009,PORSCHE,290.0,357986.0,0.0008100875453230014,31
2009,RENAULT,50379.0,357986.0,0.14072896705457755,1
2009,SAAB,50.0,357986.0,0.00013967026643500025,39
2009,SEAT,2488.0,357986.0,0.006949992457805612,20
2009,SKODA,3065.0,357986.0,0.008561787332465515,19
2009,SMART,9.0,357986.0,2.5140647958300045e-05,43
2009,SUZUKI,1504.0,357986.0,0.004201281614364808,25
2009,TOYOTA,22732.0,357986.0,0.06349968993200851,7
2009,VOLKSWAGEN,25000.0,357986.0,0.06983513321750012,6
2009,VOLVO,2151.0,357986.0,0.006008614862033711,22
2010,ALFA ROMEO,575.0,485619.0,0.0011840558133021978,30
2010,AUDI,9926.0,485619.0,0.020439892178848028,17
2010,BENTLEY,20.0,485619.0,4.1184550027902534e-05,40
2010,BMW,10613.0,485619.0,0.02185458147230648,14
2010,CHERY,1011.0,485619.0,0.002081879003910473,27
2010,CHEVROLET,16260.0,485619.0,0.03348303917268476,9
2010,CHRYSLER,181.0,485619.0,0.00037272017775251794,35
2010,CITROEN,10736.0,485619.0,0.02210786645497808,13
2010,DACIA,12001.0,485619.0,0.024712789244242913,12
2010,DAIHATSU,368.0,485619.0,0.0007577957205134066,32
2010,DODGE,100.0,485619.0,0.00020592275013951267,37
2010,Diğer,10542.0,485619.0,0.021708376319707425,15
2010,FIAT,40284.0,485619.0,0.08295392066620128,4
2010,FORD,49327.0,485619.0,0.1015755149613174,3
2010,GEELY,1854.0,485619.0,0.003817807787586565,24
2010,HONDA,15299.0,485619.0,0.03150412154384404,10
2010,HYUNDAI,51457.0,485619.0,0.10596166953928902,2
2010,IKCO,27.0,485619.0,5.5599142537668416e-05,39
2010,INFINITI,108.0,485619.0,0.00022239657015067367,36
2010,JAGUAR,223.0,485619.0,0.0004592077328111132,34
2010,JEEP,519.0,485619.0,0.0010687390732240707,31
2010,KIA,8755.0,485619.0,0.018028536774714332,18
2010,LADA,100.0,485619.0,0.00020592275013951267,37
2010,LAMBORGHINI,6.0,485619.0,1.235536500837076e-05,42
2010,LANCIA,311.0,485619.0,0.0006404197529338843,33
2010,LAND ROVER,2482.0,485619.0,0.005111002658462704,22
2010,MAZDA,2224.0,485619.0,0.004579721963102762,23
2010,MERCEDES-BENZ,12195.0,485619.0,0.025112279379513568,11
2010,MINI,602.0,485619.0,0.0012396549558398662,29
2010,MITSUBISHI,1823.0,485619.0,0.0037539717350433158,25
2010,NISSAN,10045.0,485619.0,0.020684940251514048,16
2010,OPEL,36189.0,485619.0,0.07452138404798823,6
2010,PEUGEOT,17594.0,485619.0,0.036230048659545856,8
2010,PORSCHE,779.0,485619.0,0.0016041382235868035,28
2010,RENAULT,72094.0,485619.0,0.14845794748558025,1
2010,SAAB,7.0,485619.0,1.4414592509765887e-05,41
2010,SEAT,4826.0,485619.0,0.00993783192173288,20
2010,SKODA,5957.0,485619.0,0.01226681822581077,19
2010,SMART,37.0,485619.0,7.619141755161968e-05,38
2010,SUZUKI,1651.0,485619.0,0.003399784604803354,26
2010,TOYOTA,34753.0,485619.0,0.07156433335598483,7
2010,VOLKSWAGEN,38831.0,485619.0,0.07996186310667416,5
2010,VOLVO,2927.0,485619.0,0.006027358896583536,21
2011,ALFA ROMEO,943.0,602248.0,0.0015658001354923554,29
2011,AUDI,12341.0,602248.0,0.020491558294921695,16
2011,BENTLEY,18.0,602248.0,2.988801955340657e-05,38
2011,BMW,16456.0,602248.0,0.027324291653936586,11
2011,CHERY,685.0,602248.0,0.0011374051885601946,31
2011,CHEVROLET,23254.0,602248.0,0.0386120003719398,8
2011,CHRYSLER,59.0,602248.0,9.796628631394376e-05,37
2011,CITROEN,14270.0,602248.0,0.02369455772372843,14
2011,DACIA,17817.0,602248.0,0.02958415802128027,10
2011,DAIHATSU,188.0,602248.0,0.0003121637597800242,32
2011,DODGE,12.0,602248.0,1.9925346368937712e-05,40
2011,Diğer,9447.0,602248.0,0.015686228928946215,18
2011,FIAT,58288.0,602248.0,0.09678404909605345,3
2011,FORD,61001.0,602248.0,0.10128883782096412,2
2011,GEELY,1516.0,602248.0,0.0025172354246091313,26
2011,HONDA,15123.0,602248.0,0.025110917761453754,13
2011,HYUNDAI,44956.0,602248.0,0.07464698928016365,6
2011,IKCO,2.0,602248.0,3.320891061489619e-06,42
2011,INFINITI,176.0,602248.0,0.00029223841341108645,34
2011,JAGUAR,154.0,602248.0,0.00025570861173470065,35
2011,JEEP,900.0,602248.0,0.0014944009776703285,30
2011,KIA,9469.0,602248.0,0.0157227587306226,17
2011,LADA,17.0,602248.0,2.822757402266176e-05,39
2011,LAMBORGHINI,8.0,602248.0,1.3283564245958475e-05,41
2011,LANCIA,182.0,602248.0,0.0003022010865955553,33
2011,LAND ROVER,2546.0,602248.0,0.004227494321276285,23
2011,MAZDA,1770.0,602248.0,0.002938988589418313,24
2011,MERCEDES-BENZ,13727.0,602248.0,0.022792935800534,15
2011,MINI,1726.0,602248.0,0.002865928986065541,25
2011,MITSUBISHI,3044.0,602248.0,0.0050543961955872,22
2011,NISSAN,17849.0,602248.0,0.029637292278264105,9
2011,OPEL,51334.0,602248.0,0.08523731087525405,5
2011,PEUGEOT,16440.0,602248.0,0.027297724525444666,12
2011,PORSCHE,1038.0,602248.0,0.0017235424609131121,28
2011,RENAULT,93964.0,602248.0,0.15602210385090529,1
2011,SAAB,8.0,602248.0,1.3283564245958475e-05,41
2011,SEAT,5988.0,602248.0,0.00994274783809992,20
2011,SKODA,7581.0,602248.0,0.0125878375685764,19
2011,SMART,69.0,602248.0,0.00011457074162139186,36
2011,SUZUKI,1373.0,602248.0,0.0022797917137126235,27
2011,TOYOTA,37746.0,602248.0,0.06267517700349358,7
2011,VOLKSWAGEN,54022.0,602248.0,0.0897005884618961,4
2011,VOLVO,4741.0,602248.0,0.007872172261261141,21
2012,ALFA ROMEO,1018.0,565791.0,0.0017992509601602005,28
2012,AUDI,14557.0,565791.0,0.02572858175545387,14
2012,BENTLEY,37.0,565791.0,6.539517242232556e-05,37
2012,BMW,16389.0,565791.0,0.028966526508905233,11
2012,CHERY,146.0,565791.0,0.00025804581550431164,32
2012,CHEVROLET,20285.0,565791.0,0.035852461421266864,9
2012,CHRYSLER,2.0,565791.0,3.534874184990571e-06,40
2012,CITROEN,15009.0,565791.0,0.026527463321261737,13
2012,DACIA,26501.0,565791.0,0.04683885038821756,8
2012,DAIHATSU,10.0,565791.0,1.7674370924952852e-05,38
2012,DODGE,8.0,565791.0,1.4139496739962284e-05,39
2012,Diğer,6548.0,565791.0,0.011573178081659129,19
2012,FIAT,47642.0,565791.0,0.08420423796066039,5
2012,FORD,47976.0,565791.0,0.08479456194955381,4
2012,GEELY,1067.0,565791.0,0.0018858553776924694,27
2012,HONDA,15084.0,565791.0,0.026660021103198886,12
2012,HYUNDAI,42057.0,565791.0,0.07433310179907422,6
2012,IKCO,2.0,565791.0,3.534874184990571e-06,40
2012,INFINITI,44.0,565791.0,7.776723206979256e-05,36
2012,JAGUAR,116.0,565791.0,0.0002050227027294531,33
2012,JEEP,683.0,565791.0,0.0012071595341742799,30
2012,KIA,11636.0,565791.0,0.02056589800827514,17
2012,LADA,51.0,565791.0,9.013929171725956e-05,35
2012,LAMBORGHINI,10.0,565791.0,1.7674370924952852e-05,38
2012,LANCIA,252.0,565791.0,0.0004453941473088119,31
2012,LAND ROVER,2583.0,565791.0,0.004565290009915322,22
2012,MAZDA,703.0,565791.0,0.0012425082760241855,29
2012,MERCEDES-BENZ,13208.0,565791.0,0.02334430911767773,16
2012,MINI,1801.0,565791.0,0.003183154203584009,23
2012,MITSUBISHI,1377.0,565791.0,0.002433760876366008,26
2012,NISSAN,18478.0,565791.0,0.03265870259512788,10
2012,OPEL,49970.0,565791.0,0.08831883151198941,3
2012,PEUGEOT,13550.0,565791.0,0.023948772603311116,15
2012,PORSCHE,1622.0,565791.0,0.0028667829640273527,25
2012,RENAULT,74123.0,565791.0,0.13100773960702802,1
2012,SAAB,1.0,565791.0,1.7674370924952855e-06,41
2012,SEAT,5746.0,565791.0,0.01015569353347791,20
2012,SKODA,9761.0,565791.0,0.01725195345984648,18
2012,SMART,96.0,565791.0,0.00016967396087954738,34
2012,SUZUKI,1688.0,565791.0,0.0029834338121320415,24
2012,TOYOTA,31896.0,565791.0,0.05637417350222962,7
2012,VOLKSWAGEN,66962.0,565791.0,0.1183511225876693,2
2012,VOLVO,5096.0,565791.0,0.009006859423355974,21
2013,ALFA ROMEO,1021.0,654905.0,0.0015590047411456623,28
2013,AUDI,14574.0,654905.0,0.02225360930211252,15
2013,BENTLEY,48.0,654905.0,7.329307304112811e-05,35
2013,BMW,20527.0,654905.0,0.03134347729823409,11
2013,CHERY,56.0,654905.0,8.550858521464945e-05,34
2013,CHEVROLET,13163.0,654905.0,0.02009909834250769,17
2013,CHRYSLER,3.0,654905.0,4.580817065070507e-06,39
2013,CITROEN,18769.0,654905.0,0.02865911849810278,12
2013,DACIA,28847.0,654905.0,0.0440476099586963,8
2013,DAIHATSU,1.0,654905.0,1.5269390216901687e-06,40
2013,DODGE,13.0,654905.0,1.9850207281972194e-05,37
2013,Diğer,6345.0,654905.0,0.00968842809262412,20
2013,FIAT,49991.0,654905.0,0.07633320863331323,5
2013,FORD,54066.0,654905.0,0.08255548514670066,4
2013,GEELY,697.0,654905.0,0.0010642764981180477,31
2013,HONDA,15017.0,654905.0,0.022930043288721266,14
2013,HYUNDAI,47164.0,654905.0,0.07201655201899512,6
2013,INFINITI,29.0,654905.0,4.42812316290149e-05,36
2013,JAGUAR,103.0,654905.0,0.00015727471923408738,32
2013,JEEP,997.0,654905.0,0.0015223582046250982,29
2013,KIA,13290.0,654905.0,0.020293019598262345,16
2013,LADA,13.0,654905.0,1.9850207281972194e-05,37
2013,LAMBORGHINI,10.0,654905.0,1.5269390216901688e-05,38
2013,LANCIA,727.0,654905.0,0.0011100846687687527,30
2013,LAND ROVER,2646.0,654905.0,0.004040280651392187,22
2013,MAZDA,1176.0,654905.0,0.0017956802895076386,27
2013,MERCEDES-BENZ,20628.0,654905.0,0.0314976981394248,10
2013,MINI,1530.0,654905.0,0.002336216703185958,24
2013,MITSUBISHI,1384.0,654905.0,0.0021132836060191937,25
2013,NISSAN,15802.0,654905.0,0.02412869042074805,13
2013,OPEL,54531.0,654905.0,0.0832655117917866,3
2013,PEUGEOT,21558.0,654905.0,0.03291775142959666,9
2013,PORSCHE,1264.0,654905.0,0.0019300509234163733,26
2013,RENAULT,93715.0,654905.0,0.14309709041769417,1
2013,SAAB,1.0,654905.0,1.5269390216901687e-06,40
2013,SEAT,10990.0,654905.0,0.016781059848374955,19
2013,SKODA,12945.0,654905.0,0.019766225635779237,18
2013,SMART,101.0,654905.0,0.00015422084119070704,33
2013,SUZUKI,1666.0,654905.0,0.0025438804101358212,23
2013,TOYOTA,35243.0,654905.0,0.053813911941426616,7
2013,VOLKSWAGEN,89001.0,654905.0,0.1358990998694467,2
2013,VOLVO,5253.0,654905.0,0.008021010680938457,21
2014,ALFA ROMEO,961.0,585814.0,0.0016404524302935744,27
2014,AUDI,17833.0,585814.0,0.030441402902627798,13
2014,BENTLEY,28.0,585814.0,4.779674094507813e-05,34
2014,BMW,26101.0,585814.0,0.04455509769312444,9
2014,CHEVROLET,1216.0,585814.0,0.00207574417818625,23
2014,CHRYSLER,3.0,585814.0,5.121079386972657e-06,38
2014,CITROEN,14538.0,585814.0,0.024816750709269496,14
2014,DACIA,26670.0,585814.0,0.04552639575018692,8
2014,DODGE,12.0,585814.0,2.0484317547890627e-05,36
2014,Diğer,5996.0,585814.0,0.010235330668096017,19
2014,FIAT,38296.0,585814.0,0.0653722854011683,6
2014,FORD,41345.0,585814.0,0.07057700908479483,4
2014,GEELY,101.0,585814.0,0.00017240967269474612,31
2014,HONDA,13234.0,585814.0,0.022590788202398713,16
2014,HYUNDAI,42569.0,585814.0,0.07266640947467967,3
2014,INFINITI,17.0,585814.0,2.901944985951172e-05,35
2014,JAGUAR,59.0,585814.0,0.00010071456127712891,33
2014,JEEP,1643.0,585814.0,0.0028046444775986917,21
2014,KIA,10936.0,585814.0,0.01866804139197766,18
2014,LAMBORGHINI,7.0,585814.0,1.1949185236269532e-05,37
2014,LANCIA,295.0,585814.0,0.0005035728063856445,30
2014,LAND ROVER,1615.0,585814.0,0.0027568477366536137,22
2014,MAZDA,1117.0,585814.0,0.0019067485584161525,25
2014,MERCEDES-BENZ,23542.0,585814.0,0.040186816976036766,10
2014,MINI,1144.0,585814.0,0.0019528382728989065,24
2014,MITSUBISHI,1045.0,585814.0,0.0017838426531288087,26
2014,NISSAN,19340.0,585814.0,0.0330138917813504,11
2014,OPEL,40892.0,585814.0,0.06980372609736196,5
2014,PEUGEOT,18090.0,585814.0,0.03088010870344512,12
2014,PORSCHE,681.0,585814.0,0.0011624850208427932,29
2014,RENAULT,85581.0,585814.0,0.146089031672169,1
2014,SEAT,12378.0,585814.0,0.02112957355064918,17
2014,SKODA,14254.0,585814.0,0.024331955193969416,15
2014,SMART,86.0,585814.0,0.00014680427575988284,32
2014,SUZUKI,876.0,585814.0,0.0014953551809960158,28
2014,TOYOTA,33420.0,585814.0,0.0570488243708754,7
2014,VOLKSWAGEN,84058.0,585814.0,0.1434892303700492,2
2014,VOLVO,5835.0,585814.0,0.009960499407661817,20
2015,ALFA ROMEO,767.0,746395.0,0.0010276060262997475,27
2015,AUDI,20890.0,746395.0,0.027987861655021803,14
2015,BENTLEY,28.0,746395.0,3.751364893923459e-05,33
2015,BMW,32162.0,746395.0,0.043089784899416526,10
2015,CHEVROLET,21.0,746395.0,2.813523670442594e-05,34
2015,CHRYSLER,4.0,746395.0,5.359092705604941e-06,37
2015,CITROEN,17517.0,746395.0,0.023468806731020437,15
2015,DACIA,37623.0,746395.0,0.050406286215743674,8
2015,DODGE,15.0,746395.0,2.009659764601853e-05,35
2015,Diğer,6925.0,746395.0,0.009277929246578553,20
2015,FIAT,47197.0,746395.0,0.0632332746066091,7
2015,FORD,48930.0,746395.0,0.06555510152131244,5
2015,GEELY,34.0,746395.0,4.5552287997642e-05,32
2015,HONDA,16745.0,746395.0,0.022434501838838685,17
2015,HYUNDAI,51274.0,746395.0,0.06869552984679694,3
2015,INFINITI,41.0,746395.0,5.493070023245065e-05,31
2015,JAGUAR,325.0,746395.0,0.00043542628233040145,28
2015,JEEP,3578.0,746395.0,0.004793708425163619,21
2015,KIA,13317.0,746395.0,0.01784175939013525,18
2015,LAMBORGHINI,10.0,746395.0,1.3397731764012353e-05,36
2015,LANCIA,10.0,746395.0,1.3397731764012353e-05,36
2015,LAND ROVER,2242.0,746395.0,0.0030037714614915695,22
2015,MAZDA,1358.0,746395.0,0.0018194119735528776,25
2015,MERCEDES-BENZ,33971.0,746395.0,0.04551343457552636,9
2015,MINI,1648.0,746395.0,0.002207946194709236,23
2015,MITSUBISHI,1441.0,746395.0,0.00193061314719418,24
2015,NISSAN,27211.0,746395.0,0.036456567903054016,11
2015,OPEL,48463.0,746395.0,0.06492942744793306,6
2015,PEUGEOT,22643.0,746395.0,0.03033648403325317,12
2015,PORSCHE,965.0,746395.0,0.001292881115227192,26
2015,RENAULT,101210.0,746395.0,0.13559844318356903,2
2015,SEAT,17206.0,746395.0,0.023052137273159655,16
2015,SKODA,22052.0,746395.0,0.02954467808600004,13
2015,SMART,90.0,746395.0,0.00012057958587611117,30
2015,SUZUKI,194.0,746395.0,0.00025991599622183966,29
2015,TOYOTA,49239.0,746395.0,0.06596909143282043,4
2015,VOLKSWAGEN,111955.0,746395.0,0.1499943059640003,1
2015,VOLVO,7094.0,746395.0,0.009504350913390363,19
2016,ALFA ROMEO,654.0,746074.0,0.0008765886493833051,29
2016,AUDI,22064.0,746074.0,0.0295734739449438,14
2016,BENTLEY,13.0,746074.0,1.742454501832258e-05,34
2016,BMW,27704.0,746074.0,0.03713304578366221,12
2016,CHEVROLET,46.0,746074.0,6.165608237252604e-05,33
2016,CHRYSLER,1.0,746074.0,1.3403496167940446e-06,37
2016,CITROEN,16304.0,746074.0,0.021853060152210103,17
2016,DACIA,40723.0,746074.0,0.054583057444703875,8
2016,DODGE,6.0,746074.0,8.042097700764268e-06,36
2016,Diğer,5027.0,746074.0,0.006737937523623662,19
2016,FIAT,50664.0,746074.0,0.06790747298525347,4
2016,FORD,42006.0,746074.0,0.056302726003050634,7
2016,HONDA,19518.0,746074.0,0.02616094382058616,16
2016,HYUNDAI,47996.0,746074.0,0.06433142020764697,5
2016,INFINITI,88.0,746074.0,0.00011795076627787592,32
2016,JAGUAR,459.0,746074.0,0.0006152204741084664,30
2016,JEEP,2234.0,746074.0,0.0029943410439178956,23
2016,KIA,14668.0,746074.0,0.019660248179135045,18
2016,LAMBORGHINI,8.0,746074.0,1.0722796934352357e-05,35
2016,LAND ROVER,2541.0,746074.0,0.0034058283762736672,22
2016,MAZDA,1616.0,746074.0,0.002166004980739176,25
2016,MERCEDES-BENZ,34596.0,746074.0,0.046370735342606766,9
2016,MINI,1754.0,746074.0,0.002350973227856754,24
2016,MITSUBISHI,750.0,746074.0,0.0010052622125955334,28
2016,NISSAN,28161.0,746074.0,0.03774558555853709,10
2016,OPEL,53194.0,746074.0,0.0712985575157424,3
2016,PEUGEOT,24041.0,746074.0,0.03222334513734563,13
2016,PORSCHE,951.0,746074.0,0.0012746724855711364,27
2016,RENAULT,102829.0,746074.0,0.1378268107453148,1
2016,SEAT,20837.0,746074.0,0.027928864965137506,15
2016,SKODA,28153.0,746074.0,0.03773486276160273,11
2016,SMART,156.0,746074.0,0.00020909454021987095,31
2016,SUBARU,1348.0,746074.0,0.001806791283438372,26
2016,SUZUKI,3542.0,746074.0,0.004747518342684506,21
2016,TOYOTA,46353.0,746074.0,0.06212922578725435,6
2016,VOLKSWAGEN,100877.0,746074.0,0.13521044829333284,2
2016,VOLVO,4192.0,746074.0,0.0056187455936006344,20
2017,ALFA ROMEO,321.0,741902.0,0.0004326717005750086,30
2017,AUDI,21435.0,741902.0,0.028891956080452676,14
2017,BENTLEY,17.0,741902.0,2.2914077600545626e-05,34
2017,BMW,18255.0,741902.0,0.024605675682232965,15
2017,CHEVROLET,82.0,741902.0,0.00011052672724969066,33
2017,CHRYSLER,1.0,741902.0,1.3478869176791543e-06,37
2017,CITROEN,15745.0,741902.0,0.021222479518858285,17
2017,DACIA,41236.0,741902.0,0.05558146493741761,7
2017,DODGE,5.0,741902.0,6.739434588395772e-06,36
2017,Diğer,7663.0,741902.0,0.01032885745017536,19
2017,FIAT,61305.0,741902.0,0.08263220748832056,3
2017,FORD,40211.0,741902.0,0.05419988084679648,8
2017,HONDA,27313.0,741902.0,0.03681483538257074,12
2017,HYUNDAI,50060.0,741902.0,0.06747521909901846,4
2017,INFINITI,87.0,741902.0,0.00011726616183808643,32
2017,ISUZU,1.0,741902.0,1.3478869176791543e-06,37
2017,JAGUAR,373.0,741902.0,0.0005027618202943246,28
2017,JEEP,2203.0,741902.0,0.002969394879647177,23
2017,KIA,11501.0,741902.0,0.015502047440227954,18
2017,LAMBORGHINI,8.0,741902.0,1.0783095341433235e-05,35
2017,LAND ROVER,2420.0,741902.0,0.0032618863407835536,22
2017,MAZDA,1192.0,741902.0,0.001606681205873552,26
2017,MERCEDES-BENZ,29070.0,741902.0,0.03918307269693302,10
2017,MINI,1462.0,741902.0,0.0019706106736469236,25
2017,MITSUBISHI,371.0,741902.0,0.0005000660464589663,29
2017,NISSAN,32217.0,741902.0,0.04342487282686932,9
2017,OPEL,45646.0,741902.0,0.061525646244382684,5
2017,PEUGEOT,27639.0,741902.0,0.037254246517734145,11
2017,PORSCHE,782.0,741902.0,0.0010540475696250988,27
2017,RENAULT,118907.0,741902.0,0.16027318972047522,1
2017,SEAT,15987.0,741902.0,0.021548668152936643,16
2017,SKODA,25110.0,741902.0,0.03384544050292357,13
2017,SMART,150.0,741902.0,0.00020218303765187317,31
2017,SUBARU,1538.0,741902.0,0.0020730500793905396,24
2017,SUZUKI,4231.0,741902.0,0.0057029095487005025,21
2017,TOYOTA,41401.0,741902.0,0.05580386627883467,6
2017,VOLKSWAGEN,91330.0,741902.0,0.12310251219163718,2
2017,VOLVO,4627.0,741902.0,0.006236672768101447,20
2018,ALFA ROMEO,208.0,526235.0,0.0003952606725132308,29
2018,AUDI,13741.0,526235.0,0.026111908177905308,15
2018,BENTLEY,11.0,526235.0,2.090320864252663e-05,35
2018,BMW,14262.0,526235.0,0.02710196015088316,14
2018,CHEVROLET,73.0,526235.0,0.0001387212937185858,31
2018,CITROEN,9437.0,526235.0,0.017933052723593072,17
2018,DACIA,29246.0,526235.0,0.05557593090539398,6
2018,DODGE,4.0,526235.0,7.601166779100592e-06,36
2018,DS,104.0,526235.0,0.0001976303362566154,30
2018,Diğer,4879.0,526235.0,0.009271523178807948,20
2018,FIAT,40560.0,526235.0,0.07707583114008,3
2018,FORD,26222.0,526235.0,0.04982944882039393,10
2018,HONDA,27834.0,526235.0,0.05289271903237147,8
2018,HYUNDAI,35595.0,526235.0,0.06764088287552139,4
2018,INFINITI,25.0,526235.0,4.75072923693787e-05,33
2018,JAGUAR,208.0,526235.0,0.0003952606725132308,29
2018,JEEP,2235.0,526235.0,0.004247151937822455,22
2018,KIA,7968.0,526235.0,0.015141524223968379,18
2018,LADA,17.0,526235.0,3.2304958811177516e-05,34
2018,LAMBORGHINI,3.0,526235.0,5.700875084325444e-06,37
2018,LAND ROVER,1605.0,526235.0,0.0030499681701141126,23
2018,MAZDA,1015.0,526235.0,0.0019287960701967752,26
2018,MERCEDES-BENZ,16950.0,526235.0,0.03220994422643876,13
2018,MINI,1408.0,526235.0,0.0026756107062434085,24
2018,MITSUBISHI,381.0,526235.0,0.0007240111357093313,28
2018,NISSAN,26648.0,526235.0,0.050638973082368144,9
2018,OPEL,23723.0,526235.0,0.045080619875150836,11
2018,PEUGEOT,28273.0,526235.0,0.053726947086377756,7
2018,PORSCHE,630.0,526235.0,0.0011971837677083432,27
2018,RENAULT,83540.0,526235.0,0.15875036818151586,1
2018,SEAT,10487.0,526235.0,0.019928359003106976,16
2018,SKODA,21260.0,526235.0,0.040400201430919644,12
2018,SMART,32.0,526235.0,6.0809334232804736e-05,32
2018,SUBARU,1252.0,526235.0,0.002379165201858485,25
2018,SUZUKI,2711.0,526235.0,0.005151690784535426,21
2018,TOYOTA,31931.0,526235.0,0.06067821410586525,5
2018,VOLKSWAGEN,56107.0,526235.0,0.10661966611874923,2
2018,VOLVO,5650.0,526235.0,0.010736648075479586,19
2019,ALFA ROMEO,254.0,386748.0,0.000656758405990464,29
2019,AUDI,10814.0,386748.0,0.02796135985189322,14
2019,BENTLEY,14.0,386748.0,3.619928221994684e-05,34
2019,BMW,8999.0,386748.0,0.023268381478378685,15
2019,CHEVROLET,14.0,386748.0,3.619928221994684e-05,34
2019,CITROEN,7743.0,386748.0,0.020020788730646312,16
2019,DACIA,14898.0,386748.0,0.03852120760805486,11
2019,DODGE,4.0,386748.0,1.0342652062841954e-05,35
2019,DS,186.0,386748.0,0.00048093332092215084,31
2019,Diğer,6311.0,386748.0,0.016318119292148894,17
2019,FIAT,52030.0,386748.0,0.13453204670741672,2
2019,FORD,15723.0,386748.0,0.04065437959601601,8
2019,GEELY,1.0,386748.0,2.5856630157104885e-06,37
2019,HONDA,20939.0,386748.0,0.05414119788596192,7
2019,HYUNDAI,23054.0,386748.0,0.0596098751641896,4
2019,IKCO,1.0,386748.0,2.5856630157104885e-06,37
2019,INFINITI,1.0,386748.0,2.5856630157104885e-06,37
2019,JAGUAR,251.0,386748.0,0.0006490014169433326,30
2019,JEEP,1988.0,386748.0,0.005140298075232451,22
2019,KIA,4738.0,386748.0,0.012250871368436294,19
2019,LADA,59.0,386748.0,0.00015255411792691883,32
2019,LAMBORGHINI,2.0,386748.0,5.171326031420977e-06,36
2019,LAND ROVER,1683.0,386748.0,0.004351670855440752,23
2019,MAZDA,422.0,386748.0,0.0010911497926298262,28
2019,MERCEDES-BENZ,11588.0,386748.0,0.02996266302605314,13
2019,MINI,1155.0,386748.0,0.0029864407831456143,24
2019,MITSUBISHI,631.0,386748.0,0.0016315533629133183,26
2019,NISSAN,13524.0,386748.0,0.03496850662446865,12
2019,OPEL,15309.0,386748.0,0.039583915107511865,10
2019,PEUGEOT,22283.0,386748.0,0.057616328979076814,6
2019,PORSCHE,454.0,386748.0,0.0011738910091325617,27
2019,RENAULT,59839.0,386748.0,0.1547234891970999,1
2019,SEAT,6070.0,386748.0,0.015694974505362665,18
2019,SKODA,15482.0,386748.0,0.04003123480922978,9
2019,SMART,55.0,386748.0,0.00014221146586407686,33
2019,SUBARU,688.0,386748.0,0.001778936154808816,25
2019,SUZUKI,2490.0,386748.0,0.006438300909119116,21
2019,TOYOTA,22961.0,386748.0,0.05936940850372852,5
2019,VOLKSWAGEN,39555.0,386748.0,0.10227590058642837,3
2019,VOLVO,4535.0,386748.0,0.011725981776247065,20
2020,ALFA ROMEO,169.0,601525.0,0.00028095257886205893,31
2020,AUDI,18006.0,601525.0,0.02993391795852209,13
2020,BENTLEY,16.0,601525.0,2.65990607206683e-05,34
2020,BMW,15182.0,601525.0,0.025239183741324136,15
2020,CHEVROLET,2.0,601525.0,3.3248825900835376e-06,37
2020,CITROEN,20376.0,601525.0,0.033873903827771085,12
2020,DACIA,27125.0,601525.0,0.04509372012800798,8
2020,DODGE,9.0,601525.0,1.496197165537592e-05,36
2020,DS,701.0,601525.0,0.00116537134782428,27
2020,Diğer,7164.0,601525.0,0.011909729437679232,20
2020,FIAT,89888.0,601525.0,0.14943352312871452,2
2020,FORD,27208.0,601525.0,0.04523170275549645,7
2020,HONDA,21609.0,601525.0,0.035923693944557585,11
2020,HYUNDAI,26369.0,601525.0,0.0438369145089564,9
2020,INFINITI,1.0,601525.0,1.6624412950417688e-06,38
2020,JAGUAR,251.0,601525.0,0.00041727276505548397,30
2020,JEEP,4330.0,601525.0,0.007198370807530859,21
2020,KIA,12617.0,601525.0,0.020975021819541997,16
2020,LADA,128.0,601525.0,0.0002127924857653464,32
2020,LAMBORGHINI,15.0,601525.0,2.4936619425626534e-05,35
2020,LAND ROVER,2586.0,601525.0,0.004299073188978014,23
2020,MAZDA,257.0,601525.0,0.0004272474128257346,29
2020,MERCEDES-BENZ,16002.0,601525.0,0.026602385603258383,14
2020,MINI,1618.0,601525.0,0.002689830015377582,24
2020,MITSUBISHI,1413.0,601525.0,0.0023490295498940195,25
2020,NISSAN,11682.0,601525.0,0.019420639208677943,17
2020,OPEL,28990.0,601525.0,0.048194173143260875,6
2020,PEUGEOT,34763.0,601525.0,0.05779144673953701,5
2020,PORSCHE,1309.0,601525.0,0.002176135655209675,26
2020,RENAULT,96913.0,601525.0,0.16111217322638294,1
2020,SEAT,11307.0,601525.0,0.01879722372303728,18
2020,SKODA,23555.0,601525.0,0.039158804704708866,10
2020,SMART,42.0,601525.0,6.982253439175429e-05,33
2020,SUBARU,675.0,601525.0,0.001122147874153194,28
2020,SUZUKI,2780.0,601525.0,0.004621586800216118,22
2020,TOYOTA,36449.0,601525.0,0.06059432276297743,4
2020,VOLKSWAGEN,52386.0,601525.0,0.08708864968205811,3
2020,VOLVO,7632.0,601525.0,0.01268775196375878,19
2021,ALFA ROMEO,239.0,614037.0,0.00038922735926336685,31
2021,AUDI,14873.0,614037.0,0.024221667423950023,16
2021,BENTLEY,20.0,614037.0,3.257132713500978e-05,36
2021,BMW,15429.0,614037.0,0.025127150318303294,15
2021,CHEVROLET,10.0,614037.0,1.628566356750489e-05,38
2021,CHRYSLER,1.0,614037.0,1.628566356750489e-06,39
2021,CITROEN,24773.0,614037.0,0.04034447435577986,10
2021,CUPRA,282.0,614037.0,0.0004592557126036379,30
2021,DACIA,28762.0,614037.0,0.04684082555285756,8
2021,DODGE,71.0,614037.0,0.00011562821132928472,34
2021,DS,853.0,614037.0,0.0013891671023081671,27
2021,Diğer,6245.0,614037.0,0.010170396897906804,20
2021,FIAT,81456.0,614037.0,0.13265650115546784,1
2021,FORD,18171.0,614037.0,0.029592679268513136,13
2021,GEELY,1.0,614037.0,1.628566356750489e-06,39
2021,HONDA,29102.0,614037.0,0.04739453811415273,7
2021,HYUNDAI,39169.0,614037.0,0.0637893156275599,5
2021,JAGUAR,167.0,614037.0,0.00027197058157733166,33
2021,JEEP,3337.0,614037.0,0.005434525932476382,22
2021,KIA,16489.0,614037.0,0.026853430656458812,14
2021,LADA,36.0,614037.0,5.86283888430176e-05,35
2021,LAMBORGHINI,17.0,614037.0,2.7685628064758313e-05,37
2021,LAND ROVER,2695.0,614037.0,0.004388986331442568,23
2021,MAZDA,172.0,614037.0,0.0002801134133610841,32
2021,MERCEDES-BENZ,18990.0,614037.0,0.030926475114691786,12
2021,MG,386.0,614037.0,0.0006286266137056888,29
2021,MINI,1369.0,614037.0,0.0022295073423914194,24
2021,MITSUBISHI,1165.0,614037.0,0.0018972798056143196,26
2021,NISSAN,14506.0,614037.0,0.02362398357102259,17
2021,OPEL,24254.0,614037.0,0.03949924841662636,11
2021,PEUGEOT,33481.0,614037.0,0.054526030190363124,6
2021,PORSCHE,1314.0,614037.0,0.0021399361927701426,25
2021,RENAULT,78701.0,614037.0,0.12816980084262022,2
2021,SEAT,12617.0,614037.0,0.02054762172312092,18
2021,SKODA,26655.0,614037.0,0.043409436239184286,9
2021,SMART,1.0,614037.0,1.628566356750489e-06,39
2021,SUBARU,787.0,614037.0,0.001281681722762635,28
2021,SUZUKI,4188.0,614037.0,0.006820435902071048,21
2021,TOYOTA,46901.0,614037.0,0.07638139069795469,4
2021,VOLKSWAGEN,57906.0,614037.0,0.09430376345399381,3
2021,VOLVO,8446.0,614037.0,0.01375487144911463,19
2022,ALFA ROMEO,503.0,566280.0,0.0008882531609804337,31
2022,AUDI,13988.0,566280.0,0.024701561065197428,15
2022,BENTLEY,24.0,566280.0,4.238186056367875e-05,35
2022,BMW,18122.0,566280.0,0.03200183654729109,13
2022,CHERY,3.0,566280.0,5.2977325704598435e-06,38
2022,CHEVROLET,14.0,566280.0,2.472275199547927e-05,37
2022,CITROEN,20312.0,566280.0,0.03586918132372678,10
2022,CUPRA,2563.0,566280.0,0.004526029526029526,22
2022,DACIA,35491.0,566280.0,0.06267394221939676,6
2022,DODGE,52.0,566280.0,9.182736455463728e-05,34
2022,DS,1651.0,566280.0,0.0029155188246097336,24
2022,Diğer,6926.0,566280.0,0.012230698594334958,19
2022,FIAT,86594.0,566280.0,0.15291728473546656,1
2022,FORD,11527.0,566280.0,0.020355654446563537,16
2022,HONDA,21878.0,566280.0,0.038634597725506814,9
2022,HYUNDAI,40515.0,566280.0,0.07154587836406018,4
2022,JAGUAR,96.0,566280.0,0.000169527442254715,33
2022,JEEP,2113.0,566280.0,0.0037313696404605496,23
2022,KIA,17442.0,566280.0,0.030801017164653527,14
2022,LAMBORGHINI,18.0,566280.0,3.178639542275906e-05,36
2022,LAND ROVER,1308.0,566280.0,0.0023098114007204917,27
2022,MAZDA,169.0,566280.0,0.00029843893480257117,32
2022,MERCEDES-BENZ,20142.0,566280.0,0.035568976478067386,11
2022,MG,1459.0,566280.0,0.002576463940100304,25
2022,MINI,1391.0,566280.0,0.0024563820018365474,26
2022,MITSUBISHI,592.0,566280.0,0.0010454192272374091,30
2022,NISSAN,8243.0,566280.0,0.01455640319276683,17
2022,OPEL,26291.0,566280.0,0.046427562336653246,7
2022,PEUGEOT,22335.0,566280.0,0.03944161898707353,8
2022,PORSCHE,892.0,566280.0,0.0015751924842833933,28
2022,RENAULT,80267.0,566280.0,0.14174436674436675,2
2022,SEAT,6364.0,566280.0,0.011238256692802148,20
2022,SKODA,19155.0,566280.0,0.0338260224623861,12
2022,SUBARU,605.0,566280.0,0.0010683760683760685,29
2022,SUZUKI,3121.0,566280.0,0.005511407784135057,21
2022,TOYOTA,37724.0,566280.0,0.06661722116267571,5
2022,VOLKSWAGEN,48529.0,566280.0,0.08569788797061524,3
2022,VOLVO,7861.0,566280.0,0.01388182524546161,18
2023,ALFA ROMEO,2182.0,945768.0,0.002307119716463234,29
2023,AUDI,22402.0,945768.0,0.023686570067923636,16
2023,BENTLEY,41.0,945768.0,4.335101208753098e-05,35
2023,BMW,24193.0,945768.0,0.025580269156917974,15
2023,CHERY,33892.0,945768.0,0.03583542687001463,11
2023,CHEVROLET,20.0,945768.0,2.1146835164649257e-05,38
2023,CHRYSLER,1.0,945768.0,1.057341758232463e-06,40
2023,CITROEN,42542.0,945768.0,0.04498143307872544,8
2023,CUPRA,9567.0,945768.0,0.010115588601009973,23
2023,DACIA,39776.0,945768.0,0.04205682577545444,9
2023,DODGE,25.0,945768.0,2.6433543955811572e-05,36
2023,DS,3341.0,945768.0,0.0035325788142546587,26
2023,Diğer,37999.0,945768.0,0.04017792947107536,10
2023,FIAT,127312.0,945768.0,0.13461229392409133,1
2023,FORD,30083.0,945768.0,0.03180801211290718,14
2023,GEELY,2.0,945768.0,2.114683516464926e-06,39
2023,HONDA,18507.0,945768.0,0.01956822391960819,19
2023,HYUNDAI,51993.0,945768.0,0.05497437003578044,6
2023,INFINITI,2.0,945768.0,2.114683516464926e-06,39
2023,JAGUAR,116.0,945768.0,0.0001226516439549657,34
2023,JEEP,3479.0,945768.0,0.0036784919768907383,25
2023,KIA,20039.0,945768.0,0.021188071493220325,17
2023,LAMBORGHINI,23.0,945768.0,2.4318860439346648e-05,37
2023,LAND ROVER,2480.0,945768.0,0.002622207560416508,28
2023,MAZDA,199.0,945768.0,0.00021041100988826013,33
2023,MERCEDES-BENZ,30852.0,945768.0,0.032621107924987944,13
2023,MG,12912.0,945768.0,0.01365239678229756,20
2023,MINI,2605.0,945768.0,0.002754375280195566,27
2023,MITSUBISHI,203.0,945768.0,0.00021464037692118997,32
2023,NISSAN,18558.0,945768.0,0.019622148349278046,18
2023,OPEL,60737.0,945768.0,0.0642197663697651,4
2023,PEUGEOT,56112.0,945768.0,0.05932956073793996,5
2023,PORSCHE,1338.0,945768.0,0.0014147232725150354,30
2023,RENAULT,116838.0,945768.0,0.1235376963483645,2
2023,SEAT,10391.0,945768.0,0.010986838209793522,22
2023,SKODA,33713.0,945768.0,0.03564616269529102,12
2023,SUBARU,978.0,945768.0,0.0010340802395513487,31
2023,SUZUKI,5290.0,945768.0,0.005593337901049729,24
2023,TOYOTA,43710.0,945768.0,0.046216408252340954,7
2023,VOLKSWAGEN,69858.0,945768.0,0.07386378054660339,3
2023,VOLVO,11457.0,945768.0,0.012113964524069327,21
2024,ALFA ROMEO,1126.0,1014830.0,0.001109545441108363,32
2024,ALPINE,5.0,1014830.0,4.926933575081541e-06,42
2024,AUDI,19978.0,1014830.0,0.019686055792595806,18
2024,BENTLEY,34.0,1014830.0,3.350314831055448e-05,38
2024,BMW,26390.0,1014830.0,0.026004355409280373,16
2024,BYD,5819.0,1014830.0,0.005733965294679897,25
2024,CHERY,58206.0,1014830.0,0.057355419134239236,5
2024,CHEVROLET,8.0,1014830.0,7.883093720130466e-06,41
2024,CHRYSLER,3.0,1014830.0,2.9561601450489245e-06,43
2024,CITROEN,46581.0,1014830.0,0.04590029857217465,10
2024,CUPRA,10024.0,1014830.0,0.009877516431323473,23
2024,DACIA,35149.0,1014830.0,0.034635357646108214,12
2024,DAIHATSU,1.0,1014830.0,9.853867150163082e-07,45
2024,DODGE,28.0,1014830.0,2.759082802045663e-05,39
2024,DS,2189.0,1014830.0,0.0021570115191706985,29
2024,Diğer,56965.0,1014830.0,0.05613255422090399,6
2024,FIAT,89786.0,1014830.0,0.08847393159445424,2
2024,FORD,30930.0,1014830.0,0.03047801109545441,14
2024,HONDA,25707.0,1014830.0,0.025331336282924232,17
2024,HYUNDAI,61045.0,1014830.0,0.060152932018170534,4
2024,JAECOO,1773.0,1014830.0,0.0017470906457239144,30
2024,JAGUAR,62.0,1014830.0,6.109397633101111e-05,37
2024,JEEP,3526.0,1014830.0,0.0034744735571475027,27
2024,KIA,18802.0,1014830.0,0.018527241015736627,19
2024,LAMBORGHINI,17.0,1014830.0,1.675157415527724e-05,40
2024,LAND ROVER,3095.0,1014830.0,0.0030497718829754737,28
2024,MAZDA,5.0,1014830.0,4.926933575081541e-06,42
2024,MERCEDES-BENZ,32686.0,1014830.0,0.032208350167023045,13
2024,MG,18367.0,1014830.0,0.018098597794704532,20
2024,MINI,4747.0,1014830.0,0.004677630736182415,26
2024,MITSUBISHI,65.0,1014830.0,6.405013647606002e-05,36
2024,NETA,293.0,1014830.0,0.0002887183074997783,34
2024,NISSAN,26932.0,1014830.0,0.026538435008819212,15
2024,OPEL,49540.0,1014830.0,0.04881605786190791,9
2024,PEUGEOT,53844.0,1014830.0,0.053057162283338094,7
2024,PORSCHE,1320.0,1014830.0,0.0013007104638215268,31
2024,RENAULT,125032.0,1014830.0,0.12320487175191903,1
2024,SEAT,12828.0,1014830.0,0.012640540780229201,22
2024,SKODA,42758.0,1014830.0,0.042133165160667306,11
2024,SMART,2.0,1014830.0,1.9707734300326165e-06,44
2024,SUBARU,334.0,1014830.0,0.00032911916281544695,33
2024,SUZUKI,6299.0,1014830.0,0.006206950917887725,24
2024,SWM,146.0,1014830.0,0.000143866460392381,35
2024,TOYOTA,53078.0,1014830.0,0.0523023560596356,8
2024,VOLKSWAGEN,75805.0,1014830.0,0.07469723993181124,3
2024,VOLVO,13500.0,1014830.0,0.01330272065272016,21
2025,ALFA ROMEO,1700.0,1120427.0,0.0015172786803602555,33
2025,ALPINE,132.0,1120427.0,0.00011781222694561984,37
2025,AUDI,26291.0,1120427.0,0.02346516105020675,17
2025,BENTLEY,30.0,1120427.0,2.677550612400451e-05,38
2025,BMW,33597.0,1120427.0,0.02998588930827265,13
2025,BYD,47591.0,1120427.0,0.04247577039824995,11
2025,CHERY,29812.0,1120427.0,0.02660771295229408,16
2025,CHEVROLET,6.0,1120427.0,5.355101224800902e-06,41
2025,CITROEN,47795.0,1120427.0,0.042657843839893184,10
2025,CUPRA,13456.0,1120427.0,0.012009707013486822,23
2025,DACIA,26253.0,1120427.0,0.023431245409116345,18
2025,DODGE,1.0,1120427.0,8.925168708001503e-07,42
2025,DS,2406.0,1120427.0,0.0021473955911451618,30
2025,Diğer,65334.0,1120427.0,0.05831169723685702,6
2025,FIAT,76333.0,1120427.0,0.06812849029878787,4
2025,FORD,31001.0,1120427.0,0.027668915511675458,14
2025,HONDA,16273.0,1120427.0,0.014523927038530846,20
2025,HYUNDAI,67369.0,1120427.0,0.060127969068935326,5
2025,JAECOO,9457.0,1120427.0,0.008440532047157022,26
2025,JAGUAR,24.0,1120427.0,2.1420404899203607e-05,39
2025,JEEP,3415.0,1120427.0,0.003047945113782513,29
2025,KIA,26074.0,1120427.0,0.02327148488924312,19
2025,LAMBORGHINI,20.0,1120427.0,1.7850337416003005e-05,40
2025,LAND ROVER,2365.0,1120427.0,0.0021108023994423557,31
2025,MAZDA,1.0,1120427.0,8.925168708001503e-07,42
2025,MERCEDES-BENZ,37006.0,1120427.0,0.03302847932083036,12
2025,MG,2275.0,1120427.0,0.002030475881070342,32
2025,MINI,10544.0,1120427.0,0.009410697885716785,24
2025,NISSAN,30837.0,1120427.0,0.027522542744864233,15
2025,OPEL,48691.0,1120427.0,0.043457538956130116,8
2025,PEUGEOT,61896.0,1120427.0,0.0552432242350461,7
2025,PORSCHE,1287.0,1120427.0,0.0011486692127197933,34
2025,RENAULT,131174.0,1120427.0,0.11707500801033892,1
2025,SEAT,9789.0,1120427.0,0.008736847648262672,25
2025,SKODA,47938.0,1120427.0,0.042785473752417605,9
2025,SUBARU,447.0,1120427.0,0.00039895504124766717,35
2025,SUZUKI,5924.0,1120427.0,0.00528726994262009,27
2025,SWM,200.0,1120427.0,0.00017850337416003005,36
2025,TESLA,4140.0,1120427.0,0.003695019845112622,28
2025,TOGG,14310.0,1120427.0,0.01277191642115015,22
2025,TOYOTA,78274.0,1120427.0,0.06986086554501096,3
2025,VOLKSWAGEN,93295.0,1120427.0,0.08326736146130002,2
2025,VOLVO,15664.0,1120427.0,0.013980384264213554,21
2026,ALFA ROMEO,403.0,224627.0,0.0017940853058626078,31
2026,ALPINE,67.0,224627.0,0.0002982722468803839,37
2026,AUDI,4216.0,224627.0,0.018768892430562668,18
2026,BENTLEY,2.0,224627.0,8.903649160608475e-06,40
2026,BMW,5108.0,224627.0,0.022739919956194045,15
2026,BYD,6506.0,224627.0,0.02896357071945937,11
2026,CHERY,5723.0,224627.0,0.02547779207308115,14
2026,CITROEN,11757.0,224627.0,0.05234010159063692,9
2026,CUPRA,1411.0,224627.0,0.00628152448280928,25
2026,DACIA,1878.0,224627.0,0.008360526561811358,24
2026,DS,314.0,224627.0,0.0013978729182155306,33
2026,Diğer,3884.0,224627.0,0.01729088666990166,19
2026,FIAT,13096.0,224627.0,0.0583010947036643,6
2026,FORD,6087.0,224627.0,0.027098256220311895,12
2026,GEELY,1.0,224627.0,4.451824580304237e-06,41
2026,HONDA,1078.0,224627.0,0.004799066897567968,28
2026,HYUNDAI,13312.0,224627.0,0.059262688813010014,5
2026,JAECOO,1980.0,224627.0,0.008814612669002391,23
2026,JEEP,1114.0,224627.0,0.004959332582458921,26
2026,KIA,5042.0,224627.0,0.022446099533893968,16
2026,LAMBORGHINI,3.0,224627.0,1.3355473740912713e-05,39
2026,LAND ROVER,337.0,224627.0,0.0015002648835625281,32
2026,MERCEDES-BENZ,5810.0,224627.0,0.02586510081156762,13
2026,MG,629.0,224627.0,0.0028001976610113654,30
2026,MINI,3066.0,224627.0,0.013649294163212793,21
2026,NISSAN,4839.0,224627.0,0.021542379144092207,17
2026,OMODA,94.0,224627.0,0.00041847151054859836,35
2026,OPEL,11914.0,224627.0,0.05303903804974469,8
2026,PEUGEOT,15235.0,224627.0,0.06782354748093507,4
2026,PORSCHE,270.0,224627.0,0.001201992636682144,34
2026,RENAULT,34669.0,224627.0,0.1543403063745676,1
2026,SEAT,1032.0,224627.0,0.004594282966873973,29
2026,SKODA,8602.0,224627.0,0.03829459503977705,10
2026,SUBARU,33.0,224627.0,0.00014691021115003985,38
2026,SUZUKI,1100.0,224627.0,0.004897007038334661,27
2026,SWM,72.0,224627.0,0.0003205313697819051,36
2026,TESLA,2157.0,224627.0,0.00960258561971624,22
2026,TOGG,12198.0,224627.0,0.05430335623055109,7
2026,TOYOTA,20482.0,224627.0,0.0911822710537914,2
2026,VOLKSWAGEN,15275.0,224627.0,0.06800162046414723,3
2026,VOLVO,3831.0,224627.0,0.017054939967145535,20
