year,date,fuel_type,stock,total_stock,share
2005,2005-12-01,Benzinli,3883101.0,5772745.0,0.6726610997021347
2005,2005-12-01,Bilinmeyen,235700.0,5772745.0,0.04082979587700479
2005,2005-12-01,Dizel,394617.0,5772745.0,0.06835864047346626
2005,2005-12-01,LPG,1259327.0,5772745.0,0.21815046394739418
2006,2006-12-01,Benzinli,3838598.0,6140992.0,0.6250778375871521
2006,2006-12-01,Bilinmeyen,195810.0,6140992.0,0.03188572790845518
2006,2006-12-01,Dizel,583794.0,6140992.0,0.09506509697456046
2006,2006-12-01,LPG,1522790.0,6140992.0,0.2479713375298323
2007,2007-12-01,Benzinli,3714973.0,6472156.0,0.573993117594817
2007,2007-12-01,Bilinmeyen,167111.0,6472156.0,0.025819989505815374
2007,2007-12-01,Dizel,763946.0,6472156.0,0.11803578282105685
2007,2007-12-01,LPG,1826126.0,6472156.0,0.28215111007831084
2008,2008-12-01,Benzinli,3531763.0,6796629.0,0.5196345129328083
2008,2008-12-01,Bilinmeyen,102478.0,6796629.0,0.015077768699748067
2008,2008-12-01,Dizel,947727.0,6796629.0,0.13944074334497292
2008,2008-12-01,LPG,2214661.0,6796629.0,0.3258469750224707
2009,2009-12-01,Benzinli,3373875.0,7093964.0,0.4755979872466226
2009,2009-12-01,Bilinmeyen,82818.0,7093964.0,0.011674431953700357
2009,2009-12-01,Dizel,1111822.0,7093964.0,0.15672788866704143
2009,2009-12-01,LPG,2525449.0,7093964.0,0.3559996921326356
2010,2010-12-01,Benzinli,3191964.0,7544871.0,0.42306409214948804
2010,2010-12-01,Bilinmeyen,71242.0,7544871.0,0.009442441096739758
2010,2010-12-01,Dizel,1381631.0,7544871.0,0.18312188505277294
2010,2010-12-01,LPG,2900034.0,7544871.0,0.3843715817009993
2011,2011-12-01,Benzinli,3036129.0,8113111.0,0.3742250044403435
2011,2011-12-01,Bilinmeyen,61613.0,8113111.0,0.0075942508367012355
2011,2011-12-01,Dizel,1756034.0,8113111.0,0.21644397568331064
2011,2011-12-01,Elektrik,47.0,8113111.0,5.793092193611058e-06
2011,2011-12-01,LPG,3259288.0,8113111.0,0.401730975947451
2012,2012-12-01,Benzinli,2929216.0,8648875.0,0.338681736063939
2012,2012-12-01,Bilinmeyen,49082.0,8648875.0,0.005674957725715773
2012,2012-12-01,Dizel,2101206.0,8648875.0,0.2429455854085069
2012,2012-12-01,Elektrik,175.0,8648875.0,2.0233845442326313e-05
2012,2012-12-01,Hibrit,53.0,8648875.0,6.12796461967597e-06
2012,2012-12-01,LPG,3569143.0,8648875.0,0.41267135899177637
2013,2013-12-01,Benzinli,2888610.0,9283923.0,0.311141098434358
2013,2013-12-01,Bilinmeyen,45332.0,9283923.0,0.004882849631562002
2013,2013-12-01,Dizel,2497209.0,9283923.0,0.2689820887140059
2013,2013-12-01,Elektrik,353.0,9283923.0,3.802271949045678e-05
2013,2013-12-01,Hibrit,83.0,9283923.0,8.940186169144229e-06
2013,2013-12-01,LPG,3852336.0,9283923.0,0.4149470003144145
2014,2014-12-01,Benzinli,2855078.0,9857915.0,0.2896229070751777
2014,2014-12-01,Bilinmeyen,42697.0,9857915.0,0.004331240429644606
2014,2014-12-01,Dizel,2882885.0,9857915.0,0.29244368611415295
2014,2014-12-01,Elektrik,412.0,9857915.0,4.179382759944674e-05
2014,2014-12-01,Hibrit,113.0,9857915.0,1.1462870191110392e-05
2014,2014-12-01,LPG,4076730.0,9857915.0,0.4135489096832342
2015,2015-12-01,Benzinli,2927720.0,10589337.0,0.2764781213403634
2015,2015-12-01,Bilinmeyen,42733.0,10589337.0,0.004035474553317171
2015,2015-12-01,Dizel,3345951.0,10589337.0,0.3159736062795999
2015,2015-12-01,Elektrik,565.0,10589337.0,5.335555946514876e-05
2015,2015-12-01,Hibrit,324.0,10589337.0,3.059681640125345e-05
2015,2015-12-01,LPG,4272044.0,10589337.0,0.40342884545085306
2016,2016-12-01,Benzinli,3031744.0,11317998.0,0.26786928218223754
2016,2016-12-01,Bilinmeyen,41691.0,11317998.0,0.00368360199392154
2016,2016-12-01,Dizel,3803772.0,11317998.0,0.3360816992545855
2016,2016-12-01,Elektrik,643.0,11317998.0,5.681216766428126e-05
2016,2016-12-01,Hibrit,517.0,11317998.0,4.5679456737843565e-05
2016,2016-12-01,LPG,4439631.0,11317998.0,0.3922629249448533
2017,2017-12-01,Benzinli,3120407.0,12035978.0,0.2592566221041614
2017,2017-12-01,Bilinmeyen,40739.0,12035978.0,0.0033847685663765752
2017,2017-12-01,Dizel,4256305.0,12035978.0,0.3536318361499165
2017,2017-12-01,Elektrik,760.0,12035978.0,6.314401704622591e-05
2017,2017-12-01,Hibrit,925.0,12035978.0,7.685291548389338e-05
2017,2017-12-01,LPG,4616842.0,12035978.0,0.3835867762470154
2018,2018-12-01,Benzinli,3089626.0,12398190.0,0.2491997622233568
2018,2018-12-01,Bilinmeyen,38815.0,12398190.0,0.0031306989165353974
2018,2018-12-01,Dizel,4568665.0,12398190.0,0.36849451411859313
2018,2018-12-01,Elektrik,952.0,12398190.0,7.678540174009271e-05
2018,2018-12-01,Hibrit,4415.0,12398190.0,0.00035610036626314
2018,2018-12-01,LPG,4695717.0,12398190.0,0.37874213897351144
2019,2019-12-01,Benzinli,3020017.0,12503049.0,0.24154244296731142
2019,2019-12-01,Bilinmeyen,36558.0,12503049.0,0.0029239267957759745
2019,2019-12-01,Dizel,4769714.0,12503049.0,0.3814840684060344
2019,2019-12-01,Elektrik,1176.0,12503049.0,9.405705760250959e-05
2019,2019-12-01,Hibrit,13877.0,12503049.0,0.0011098892758078448
2019,2019-12-01,LPG,4661707.0,12503049.0,0.37284561549746786
2020,2020-12-01,Benzinli,3201894.0,13099041.0,0.24443728361488448
2020,2020-12-01,Bilinmeyen,36286.0,13099041.0,0.0027701264542953946
2020,2020-12-01,Dizel,5014356.0,13099041.0,0.38280329071418284
2020,2020-12-01,Elektrik,2797.0,13099041.0,0.0002135270818680543
2020,2020-12-01,Hibrit,33690.0,13099041.0,0.002571944007198695
2020,2020-12-01,LPG,4810018.0,13099041.0,0.3672038281275706
2021,2021-12-01,Benzinli,3495172.0,13706065.0,0.25500915105830885
2021,2021-12-01,Bilinmeyen,35866.0,13706065.0,0.002616797746107289
2021,2021-12-01,Dizel,5158803.0,13706065.0,0.3763883361125166
2021,2021-12-01,Elektrik,6267.0,13706065.0,0.0004572428337382028
2021,2021-12-01,Hibrit,86682.0,13706065.0,0.00632435348876574
2021,2021-12-01,LPG,4923275.0,13706065.0,0.3592041187605633
2022,2022-12-01,Benzinli,3817104.0,14269352.0,0.26750366800118186
2022,2022-12-01,Bilinmeyen,35595.0,14269352.0,0.002494507108661977
2022,2022-12-01,Dizel,5261876.0,14269352.0,0.3687536757100112
2022,2022-12-01,Elektrik,14552.0,14269352.0,0.001019808047345107
2022,2022-12-01,Hibrit,134662.0,14269352.0,0.009437148932901788
2022,2022-12-01,LPG,5005563.0,14269352.0,0.35079119219989807
2023,2023-12-01,Benzinli,4362975.0,15221134.0,0.2866392871910858
2023,2023-12-01,Bilinmeyen,35385.0,15221134.0,0.002324728236411295
2023,2023-12-01,Dizel,5425652.0,15221134.0,0.35645517607295224
2023,2023-12-01,Elektrik,80043.0,15221134.0,0.0052586752077736125
2023,2023-12-01,Hibrit,222328.0,15221134.0,0.014606533258297312
2023,2023-12-01,LPG,5094751.0,15221134.0,0.3347156000334798
2024,2024-12-01,Benzinli,4908203.0,16232458.0,0.30236967192522535
2024,2024-12-01,Bilinmeyen,35271.0,16232458.0,0.0021728687054049364
2024,2024-12-01,Dizel,5541441.0,16232458.0,0.3413802764806168
2024,2024-12-01,Elektrik,183776.0,16232458.0,0.011321513969110531
2024,2024-12-01,Hibrit,391296.0,16232458.0,0.024105776217009156
2024,2024-12-01,LPG,5172471.0,16232458.0,0.3186498927026332
2025,2025-12-01,Benzinli,5375752.0,17373581.0,0.3094210686904444
2025,2025-12-01,Bilinmeyen,35099.0,17373581.0,0.002020251322971355
2025,2025-12-01,Dizel,5662760.0,17373581.0,0.3259408638898337
2025,2025-12-01,Elektrik,370591.0,17373581.0,0.02133072047725797
2025,2025-12-01,Hibrit,697027.0,17373581.0,0.0401199384283528
2025,2025-12-01,LPG,5232352.0,17373581.0,0.3011671571911398
2026,2026-03-01,Benzinli,5458545.0,17611509.0,0.3099419249083085
2026,2026-03-01,Bilinmeyen,34951.0,17611509.0,0.0019845545319256857
2026,2026-03-01,Dizel,5697447.0,17611509.0,0.3235070316802495
2026,2026-03-01,Elektrik,408314.0,17611509.0,0.023184498273259833
2026,2026-03-01,Hibrit,770773.0,17611509.0,0.043765301428741854
2026,2026-03-01,LPG,5241479.0,17611509.0,0.29761668917751455
